timestep,stage_similarity_far,stage_similarity_approaching,stage_similarity_near,stage_similarity_touching,stage_progress,stage_prob_far,stage_prob_approaching,stage_prob_near,stage_prob_touching,bidirectional_raw,bidirectional_ema,bidirectional_norm,bidirectional_visual,distance,gt_raw,gt_norm,episode_progress
0,0.653065025806427,0.652703195810318,0.6440242975950241,0.6394143104553223,0.45921579480171204,0.2786709666252136,0.27666136622428894,0.23257622122764587,0.21209147572517395,0.0008059060573577526,0.00012379950247127705,1.0,0.8059060573577526,0.3041260437516359,-0.0002995364414145607,0.39174791249672825,0.0
1,0.6508160084486008,0.6499214172363281,0.6408285796642303,0.6372369974851608,0.45883711740374566,0.28063252568244934,0.275656133890152,0.2298203557729721,0.2138909548521042,-0.000378677397966376,4.842796740562909e-05,-0.2523127429645923,-0.378677397966376,0.30462519762833046,-0.0004991538766945802,0.3907496047433391,-0.000378677397966376
2,0.650501623749733,0.6490272134542465,0.6415717601776123,0.6384288668632507,0.4637831585109234,0.27832895517349243,0.27024149894714355,0.23280639946460724,0.21862317621707916,0.004946041107177723,0.0007830699383714432,1.0,4.946041107177724,0.3052514868425043,-0.0006262892141738474,0.3894970263149914,0.004567363709211347
3,0.6538768112659454,0.6534584313631058,0.6446868777275085,0.6406948864459991,0.4601895321905613,0.2783946990966797,0.27607491612434387,0.2316533476114273,0.21387706696987152,-0.0035936263203620866,0.00012656549956141375,-0.6841172910088225,-3.5936263203620866,0.3059541291799163,-0.0007026423374120183,0.38809174164016735,0.0009737373888492606
4,0.651281863451004,0.651335820555687,0.6412397176027298,0.6385969370603561,0.460180431753397,0.2781604528427124,0.27846089005470276,0.22754664719104767,0.21583208441734314,-9.100437164288877e-06,0.00010621560905255836,-0.7363204452452505,-0.009100437164288877,0.306698245546781,-0.0007441163668646666,0.386603508906438,0.0009646369516849718
5,0.651534840464592,0.651585653424263,0.6405396312475204,0.6381692737340927,0.4576878497004509,0.28018683195114136,0.2804715633392334,0.2248767912387848,0.21446478366851807,-0.002492582052946113,-0.0002836040402472423,-1.0,-2.492582052946113,0.30746021579442373,-0.0007619702476427404,0.38507956841115254,-0.0015279451012611411
6,0.6530351638793945,0.652855321764946,0.641544446349144,0.639654353260994,0.4573451368510723,0.28119173645973206,0.2801823019981384,0.2234577089548111,0.2151683121919632,-0.00034271284937859026,-0.0002924703616169445,-1.0,-0.34271284937859026,0.30822418698668913,-0.0007639711922654002,0.38355162602662174,-0.0018706579506397314
7,0.6523105204105377,0.6527365446090698,0.6401845812797546,0.63765449821949,0.4533508810400963,0.2825544774532318,0.2849724292755127,0.221706360578537,0.2107667177915573,-0.003994255810976011,-0.0008477381790208045,-1.0,-3.9942558109760107,0.308979607684881,-0.0007554206981918443,0.38204078463023805,-0.005864913761615742
8,0.652527391910553,0.6527133584022522,0.6406333446502686,0.6377180218696594,0.4533896115422249,0.28283175826072693,0.283885657787323,0.22295531630516052,0.21032728254795074,3.8730502128603295e-05,-0.0007147678768483932,-0.8369271028831544,0.038730502128603295,0.309719483508162,-0.0007398758232809999,0.38056103298367605,-0.005826183259487139
9,0.6504534482955933,0.6502978801727295,0.6385472863912582,0.6360117495059967,0.4544652636349201,0.282954603433609,0.2820757329463959,0.22299815714359283,0.21197150647640228,0.0010756520926952229,-0.0004462048814168508,-0.507565245326314,1.0756520926952229,0.31043921025978927,-0.000719726751627292,0.37912157948042147,-0.004750531166791916
10,0.6516239643096924,0.6511776447296143,0.6396246552467346,0.636441245675087,0.45286996677517893,0.2844248116016388,0.2818972170352936,0.22373951971530914,0.2099384069442749,-0.001595296859741191,-0.0006185686781655018,-0.7189497667919911,-1.595296859741191,0.3111357573505191,-0.0006965470907298599,0.37772848529896175,-0.006345828026533107
11,0.6507995426654816,0.6494061946868896,0.6384889334440231,0.6357242912054062,0.45346940323710444,0.28620654344558716,0.2783410847187042,0.22374401986598969,0.21170835196971893,0.0005994364619255066,-0.00043586790715185054,-0.4948881263510544,0.5994364619255066,0.31180714657568664,-0.000671389225167518,0.3763857068486267,-0.0057463915646076
12,0.6519661843776703,0.6506885141134262,0.6399422585964203,0.6369648575782776,0.4538385684788227,0.2855657935142517,0.2783609926700592,0.2245265394449234,0.2115466594696045,0.00036916524171826115,-0.0003151129348213338,0.09334544435782743,0.36916524171826115,0.3124520779497678,-0.0006449313740811702,0.37509584410046437,-0.005377226322889339
13,0.6505262553691864,0.6493935883045197,0.6382356882095337,0.6347751915454865,0.451753261089325,0.2865787744522095,0.28015947341918945,0.22412437200546265,0.20913730561733246,-0.0020853073894976926,-0.0005806421030227875,-0.44002302975817476,-2.0853073894976926,0.31306970820492336,-0.0006176302551555435,0.3738605835901533,-0.007462533712387032
14,0.6495432555675507,0.6480396538972855,0.63706935942173,0.6341076344251633,0.4525533759593964,0.2870286703109741,0.27852532267570496,0.2236545979976654,0.2107914388179779,0.0008001148700713667,-0.00037352855705866437,0.6811945577095562,0.8001148700713667,0.31298091090702684,8.879729789651458e-05,0.3740381781859463,-0.006662418842315665
15,0.6473853588104248,0.6467853933572769,0.6357631087303162,0.6323652863502502,0.45371702134609226,0.28399524092674255,0.2806076109409332,0.2250927984714508,0.21030433475971222,0.0011636453866958885,-0.00014295246549548142,1.0,1.1636453866958885,0.3124008590956642,0.0005800518113626696,0.37519828180867165,-0.0054987734556197765
16,0.6473232209682465,0.6473324149847031,0.6364987641572952,0.6329102218151093,0.45546112343668943,0.28128668665885925,0.2813384532928467,0.22653163969516754,0.21084323525428772,0.001744102090597166,0.0001401057179184157,1.0,1.744102090597166,0.311489451955684,0.0009114071399801693,0.377021096088632,-0.0037546713650226105
17,0.6463404595851898,0.6466777622699738,0.6357122659683228,0.6321907192468643,0.4560237058997154,0.28020626306533813,0.28210270404815674,0.22654905915260315,0.2111419439315796,0.0005625824630259846,0.00020347722968455103,1.0,0.5625824630259846,0.31036054306346017,0.0011289088922238344,0.37927891387307966,-0.003192088901996626
18,0.6474006772041321,0.6472363471984863,0.6368848383426666,0.633932575583458,0.4580630457401276,0.2800404131412506,0.27912163734436035,0.22692424058914185,0.2139136642217636,0.0020393398404121577,0.000478856621293692,1.0,2.0393398404121577,0.3090932917072021,0.0012672513562580479,0.38181341658559576,-0.0011527490615844682
19,0.6479565501213074,0.6473248600959778,0.6372950077056885,0.6347788721323013,0.4589326420426369,0.28060483932495117,0.2770819365978241,0.2267201542854309,0.2155930995941162,0.0008695963025093234,0.0005374675734760366,1.0,0.8695963025093234,0.30774195769942964,0.0013513340077724867,0.38451608460114073,-0.0002831527590751448
20,0.6484913676977158,0.6475083827972412,0.6369311213493347,0.6347807943820953,0.457078317552805,0.28294315934181213,0.2774348258972168,0.22453711926937103,0.2150849550962448,-0.0018543244898319156,0.00017869876397984383,0.35825828711255214,-1.8543244898319156,0.3069375772538572,0.0008043804455724612,0.38612484549228565,-0.0021374772489070604
21,0.6493727266788483,0.6488184332847595,0.6375995874404907,0.6348901689052582,0.45477847278118133,0.2834702134132385,0.2803454101085663,0.22399970889091492,0.21218468248844147,-0.002299844771623649,-0.00019308276636068012,-0.3067597127400141,-2.299844771623649,0.3064699876690174,0.0004675895848397782,0.3870600246619652,-0.0044373220205307096
22,0.6506634056568146,0.6506726294755936,0.6384088695049286,0.6350053548812866,0.4512179918587208,0.2845798432826996,0.28463253378868103,0.22272200882434845,0.20806550979614258,-0.0035604809224605294,-0.0006981924897756575,-1.0,-3.5604809224605294,0.3062107343178884,0.0002592533511289741,0.38757853136422316,-0.007997802942991239
23,0.6525037586688995,0.6523993015289307,0.6407757103443146,0.6363974064588547,0.4507929559051991,0.2846215069293976,0.28402769565582275,0.22511224448680878,0.20623861253261566,-0.0004250359535217241,-0.0006572190093375674,-0.9336816303178618,-0.4250359535217241,0.30607916633378,0.00013156798410840498,0.38784166733243997,-0.008422838896512963
24,0.6500498801469803,0.6503580212593079,0.6388276666402817,0.6339253932237625,0.4509684805572033,0.28332746028900146,0.28507891297340393,0.2263672798871994,0.2052263617515564,0.00017552465200421086,-0.0005323074601363006,-0.7315037774987676,0.17552465200421086,0.30602337555468173,5.579077909828589e-05,0.38795324889063654,-0.008247314244508752
25,0.6515561193227768,0.6515505462884903,0.6399505287408829,0.6350939571857452,0.4500424613058567,0.2847207486629486,0.28468894958496094,0.22574292123317719,0.20484735071659088,-0.0009260192513466103,-0.0005913642288178471,-0.8270911812482034,-0.9260192513466103,0.30600931716618673,1.405838849499741e-05,0.38798136566762653,-0.009173333495855363
26,0.6529150456190109,0.653356209397316,0.64157834649086,0.6366776823997498,0.4505090181529522,0.28339019417762756,0.2859014570713043,0.22589938342571259,0.20480895042419434,0.0004665568470955117,-0.00043267606743084325,-0.5702435803483104,0.4665568470955117,0.3060143260147529,-5.008848566190327e-06,0.38797134797049415,-0.00870677664875985
27,0.6524516046047211,0.6533415913581848,0.6418225914239883,0.6364680379629135,0.451471208781004,0.2814648747444153,0.2865196168422699,0.22756294906139374,0.20445255935192108,0.0009621906280518067,-0.00022344606310844577,-0.2315905631555406,0.9621906280518067,0.3060231750252738,-8.849010520894929e-06,0.38795364994945236,-0.007744586020708044
28,0.6516289263963699,0.6528478562831879,0.6418733447790146,0.6367286443710327,0.45454223319888115,0.2785733938217163,0.2854481339454651,0.22919435799121857,0.20678412914276123,0.003071024417877155,0.00027072450903939437,0.5682581765494692,3.071024417877155,0.3060255485059635,-2.3734806896547056e-06,0.38794890298807305,-0.004673561602830889
29,0.6504787504673004,0.6520749926567078,0.6410754024982452,0.6353204697370529,0.45404304653406147,0.2778180241584778,0.2868308126926422,0.23018878698349,0.2051623910665512,-0.0004991866648196841,0.0001552378329605326,0.7616169884105708,-0.4991866648196841,0.30601444424891505,1.1104257048422106e-05,0.3879711115021699,-0.005172748267650573
30,0.6494138091802597,0.6523145884275436,0.6397738605737686,0.6339543014764786,0.4522045461833477,0.276363730430603,0.2928714156150818,0.2279026061296463,0.2028622329235077,-0.0018385003507137565,-0.00014382289459061078,0.14430770822066163,-1.8385003507137565,0.30598508091475296,2.936333416209136e-05,0.3880298381704941,-0.00701124861836433
31,0.6497465819120407,0.6522073745727539,0.6404159218072891,0.6350976079702377,0.45463697880506515,0.27576717734336853,0.289678692817688,0.22882166504859924,0.20573249459266663,0.0024324326217174397,0.00024261543285559678,0.9419783609572876,2.4324326217174397,0.30593420813317324,5.087278157972497e-05,0.38813158373365353,-0.00457881599664689
32,0.6502012759447098,0.6519553959369659,0.6403047442436218,0.6352172195911407,0.45383331656455994,0.27799510955810547,0.2879208028316498,0.22807469964027405,0.2060094028711319,-0.0008036622405052096,8.567378185147583e-05,0.6011595026568315,-0.8036622405052096,0.30585959930512857,7.46088280446644e-05,0.38828080138974286,-0.0053824782371521
33,0.6456286013126373,0.6478049457073212,0.6374875456094742,0.6335806548595428,0.4619116480648518,0.27173110842704773,0.28382039070129395,0.23090176284313202,0.2135467380285263,0.008078331500291858,0.001284572439617533,1.0,8.078331500291858,0.30575975036656866,9.984893855990995e-05,0.3884804992668627,0.002695853263139758
34,0.6464305371046066,0.6486760377883911,0.6381582915782928,0.6338425129652023,0.4604957686364651,0.2724141478538513,0.28492701053619385,0.230875626206398,0.21178318560123444,-0.0014158794283867238,0.0008795046594168944,0.5681434378715096,-1.4158794283867238,0.3056336299510232,0.00012612041554543874,0.38873274009795356,0.0012799738347530343
35,0.6450159251689911,0.6479351222515106,0.6366413831710815,0.6314759999513626,0.4577360071241856,0.27257800102233887,0.2889659106731415,0.23054195940494537,0.20791414380073547,-0.0027597615122794683,0.00033361473366243997,-0.10753650627958145,-2.7597615122794683,0.30548055423065984,0.00015307572036338257,0.3890388915386803,-0.001479787677526434
36,0.6477250456809998,0.649797335267067,0.6390328705310822,0.6340621113777161,0.45776934474706654,0.2744508981704712,0.2860644459724426,0.23065611720085144,0.20882847905158997,3.333762288093567e-05,0.00028857316704521433,-0.3209377348777811,0.03333762288093567,0.30530005430315466,0.0001804999275051844,0.3893998913936907,-0.0014464500546454984
37,0.648560181260109,0.6507900655269623,0.6408775746822357,0.634313777089119,0.4573402860760689,0.2735792398452759,0.28605666756629944,0.23461365699768066,0.20575043559074402,-0.0004290586709976285,0.00018092839133878789,-0.545292149656271,-0.4290586709976285,0.30509183381990423,0.00020822048325042086,0.38981633236019153,-0.0018755087256431269
38,0.6484031677246094,0.6506530195474625,0.6410052478313446,0.634434387087822,0.4582300193607807,0.27287009358406067,0.28542864322662354,0.23534159362316132,0.20635969936847687,0.0008897332847118133,0.0002872491253447417,-0.39642477175364776,0.8897332847118133,0.30485568970822485,0.00023614411167938165,0.3902886205835503,-0.0009857754409313135
39,0.6487668454647064,0.6506656259298325,0.6417320966720581,0.6354446113109589,0.46029938787221913,0.27221566438674927,0.2827519178390503,0.23648837208747864,0.2085440456867218,0.0020693685114384075,0.0005545670332587915,-0.02213356327354976,2.0693685114384075,0.3045915100360278,0.0002641796721970513,0.3908169799279444,0.001083593070507094
40,0.6490648686885834,0.6507038325071335,0.6414775550365448,0.6354542225599289,0.45929262533783916,0.27365610003471375,0.2827751040458679,0.23512713611125946,0.20844165980815887,-0.001006762534379979,0.0003203675981129759,-0.6084843122623693,-1.006762534379979,0.30429921868855436,0.000292291347473439,0.3914015626228913,7.683053612711488e-05
41,0.6497964560985565,0.6508412510156631,0.6414254605770111,0.635676696896553,0.45779855564236643,0.27617186307907104,0.2820031940937042,0.23359830677509308,0.20822663605213165,-0.0014940696954727217,4.82020040751213e-05,-1.0,-1.4940696954727217,0.3039787930119263,0.00032042567662804444,0.39204241397614736,-0.0014172391593456068
42,0.6520608961582184,0.6529035121202469,0.6434784233570099,0.6377579569816589,0.45732075080275536,0.2769707143306732,0.28167811036109924,0.23328541219234467,0.20806574821472168,-0.00047780483961107345,-3.069902247780791e-05,-1.0,-0.47780483961107345,0.30292322856114756,0.0010555644507787565,0.3941535428777049,-0.0018950439989566803
43,0.6520757526159286,0.652929425239563,0.6430765092372894,0.6377707719802856,0.45689539253711703,0.277493417263031,0.2822716534137726,0.23178544640541077,0.20844949781894684,-0.00042535826563833146,-8.989790895188644e-05,-1.0,-0.42535826563833146,0.30135637275231353,0.0015668558088340334,0.39728725449537294,-0.0023204022645950118
44,0.6524440944194794,0.6533709913492203,0.6436952948570251,0.6379411816596985,0.4566438196599484,0.2772844135761261,0.2824722230434418,0.2327738255262375,0.20746952295303345,-0.00025157287716864873,-0.00011414915418440078,-1.0,-0.25157287716864873,0.29944406912301846,0.0019123036292950646,0.4011118617539631,-0.0025719751417636605
45,0.6510708928108215,0.6522183120250702,0.6424854844808578,0.6362962424755096,0.45603796780109407,0.2770386338233948,0.2834699749946594,0.23332887887954712,0.20616252720355988,-0.0006058518588543116,-0.0001879045598848874,-1.0,-0.6058518588543116,0.29730439632660927,0.0021396727964091977,0.40539120734678147,-0.003177827000617972
46,0.6523677110671997,0.6531521677970886,0.6441252529621124,0.6373355090618134,0.4560638493299484,0.2774558365345001,0.2818434238433838,0.23528850078582764,0.20541222393512726,2.5881528854354574e-05,-0.0001558366465740011,-0.9136184775093996,0.025881528854354574,0.29501960556400925,0.0022847907626000197,0.4099607888719815,-0.0031519454717636175
47,0.6537196785211563,0.6552673578262329,0.6449562013149261,0.6381630152463913,0.45382914349436765,0.27752450108528137,0.28624916076660156,0.23290719091892242,0.20331910252571106,-0.0022347058355807747,-0.00046766702492501714,-1.0,-2.2347058355807747,0.29264631863568435,0.0023732869283248914,0.4147073627286313,-0.005386651307344392
48,0.6538130640983582,0.6554374396800995,0.6450277268886566,0.6382453143596649,0.4537280350923538,0.2774433493614197,0.2866049110889435,0.2327372133731842,0.20321448147296906,-0.00010110840201382754,-0.00041268323148833865,-0.89242425842401,-0.10110840201382754,0.29084783234096934,0.0017984862947150182,0.4183043353180613,-0.00548775970935822
49,0.652507096529007,0.6545429676771164,0.6433667242527008,0.6364376246929169,0.45196827977895737,0.27780646085739136,0.2893516719341278,0.23139280080795288,0.20144905149936676,-0.0017597553133964494,-0.0006147440437745552,-1.0,-1.7597553133964494,0.2894060800453179,0.0014417522956514106,0.42118783990936415,-0.007247515022754669
50,0.653969943523407,0.6557917147874832,0.6451022773981094,0.637515664100647,0.4515477672219277,0.2782282531261444,0.288552463054657,0.23301151394844055,0.20020774006843567,-0.00042051255702968415,-0.0005856093207628246,-0.9121052969356053,-0.42051255702968415,0.28818697973128515,0.0012191003140327727,0.4236260405374297,-0.007668027579784353
51,0.6539424955844879,0.6554503291845322,0.6458249092102051,0.6380539834499359,0.45377753511071206,0.27712106704711914,0.285605788230896,0.2355925291776657,0.20168063044548035,0.002229767888784373,-0.00016330273933074494,0.5459126881742138,2.229767888784373,0.2871059945636129,0.0010809851676722437,0.4257880108727742,-0.00543825969099998
52,0.6544248163700104,0.6558565199375153,0.645506888628006,0.6379229873418808,0.45166542068123816,0.2789720296859741,0.28707557916641235,0.2333999127149582,0.2005525380373001,-0.002112114429473899,-0.0004556244928522181,-0.393652576002682,-2.112114429473899,0.286108549752348,0.0009974448112649026,0.427782900495304,-0.0075503741204738795
53,0.6532447040081024,0.655257448554039,0.6448582112789154,0.6367902308702469,0.4519041642546654,0.2772974669933319,0.28868764638900757,0.2344776690006256,0.19953720271587372,0.00023874357342723584,-0.0003514692829103,0.05184757710891863,0.23874357342723584,0.285158816232101,0.0009497335202470203,0.429682367535798,-0.007311630547046644
54,0.6536717414855957,0.6558646261692047,0.6450424343347549,0.6376552879810333,0.4524907752871513,0.27683746814727783,0.2892487943172455,0.232954740524292,0.2009589970111847,0.0005866110324859175,-0.00021075723560086738,0.7606463118184839,0.5866110324859175,0.28423292649251997,0.0009258897395810206,0.43153414701496007,-0.006725019514560726
55,0.653548389673233,0.656102791428566,0.6441327035427094,0.6377547830343246,0.45193427309393885,0.2770140767097473,0.2915339767932892,0.22946618497371674,0.20198571681976318,-0.0005565021932124603,-0.0002626189792426063,0.5346236154831967,-0.5565021932124603,0.2833148821358948,0.0009180443566251806,0.43337023572821043,-0.007281521707773186
56,0.6550724059343338,0.6575713753700256,0.6454234719276428,0.6400221884250641,0.4533963736891746,0.27656224370002747,0.2907358705997467,0.2280254364013672,0.20467649400234222,0.0014621005952357713,-3.9110430708496995e-06,1.0,1.4621005952357713,0.28239385994454436,0.0009210221913504291,0.4352122801109113,-0.005819421112537415
57,0.6555870920419693,0.6579127758741379,0.6450851261615753,0.6399169415235519,0.4512910431623459,0.2786196768283844,0.29188570380210876,0.2258358895778656,0.20365871489048004,-0.002105330526828708,-0.0003191239656345285,-0.03207561543184512,-2.105330526828708,0.28146256365570826,0.0009312962888360921,0.43707487268858347,-0.007924751639366123
58,0.6565996706485748,0.6590154469013214,0.6462697684764862,0.6410331279039383,0.4516287761926651,0.2781391739845276,0.2919076979160309,0.2262239158153534,0.20372921228408813,0.0003377330303191983,-0.00022059541624146949,0.2905282690326483,0.3377330303191983,0.28051602945107135,0.0009465342046369174,0.4389679410978573,-0.007587018609046925
59,0.6572711318731308,0.6599889993667603,0.64676234126091,0.6413405537605286,0.45042592942714693,0.2782832682132721,0.29382845759391785,0.2255324423313141,0.20235580205917358,-0.001202846765518184,-0.0003679331186329767,-0.2515838176673667,-1.202846765518184,0.2795509362517884,0.0009650931992829515,0.4408981274964232,-0.008789865374565109
60,0.6577933430671692,0.6601296067237854,0.6465600579977036,0.6419252455234528,0.4501199661195278,0.2797450125217438,0.29312634468078613,0.22345562279224396,0.20367300510406494,-0.00030596330761911705,-0.0003586376469808977,-0.570582430440083,-0.30596330761911705,0.2785650260688947,0.000985910182893679,0.44286994786221057,-0.009095828682184226
61,0.6581588238477707,0.6605807542800903,0.6465889513492584,0.6417708992958069,0.448566801995039,0.280615895986557,0.29454293847084045,0.22264711558818817,0.20219406485557556,-0.001553164124488804,-0.0005378166186070836,-1.0,-1.553164124488804,0.27755682866098424,0.0010081974079104716,0.4448863426780315,-0.01064899280667303
62,0.6581615507602692,0.6606200039386749,0.6466112732887268,0.6409375667572021,0.4467063194513321,0.28147420287132263,0.2956600487232208,0.22341611981391907,0.19944970309734344,-0.0018604825437069095,-0.0007362165073720574,-1.0,-1.8604825437069095,0.27652535096384395,0.0010314776971402928,0.4469492980723121,-0.01250947535037994
63,0.6568381190299988,0.6594472378492355,0.6454434096813202,0.6392150521278381,0.4458801424503327,0.2814735472202301,0.2965514063835144,0.2241116762161255,0.1978633552789688,-0.0008261770009994063,-0.0007497105814161598,-1.0,-0.8261770009994063,0.275469992240733,0.0010553587231109662,0.44906001551853403,-0.013335652351379346
64,0.6559110283851624,0.6586627662181854,0.6455750018358231,0.6383283883333206,0.44693935647606853,0.27984946966171265,0.2956828773021698,0.2275867611169815,0.19688087701797485,0.001059214025735833,-0.0004783718903433609,-0.2723548966661674,1.059214025735833,0.27439035388019073,0.0010796383605422566,0.45121929223961854,-0.012276438325643513
65,0.6554276198148727,0.6584030538797379,0.6456561088562012,0.6384556889533997,0.4486877484619618,0.27808958292007446,0.29514026641845703,0.2287232130765915,0.19804690778255463,0.0017483919858932717,-0.00014435730890786604,0.6233672491977631,1.7483919858932717,0.27328624616044084,0.0011041077197498916,0.4534275076791183,-0.010528046339750241
66,0.6538783609867096,0.6568922400474548,0.6450100243091583,0.6370788514614105,0.44995438739657406,0.27668359875679016,0.29387468099594116,0.23171503841876984,0.19772666692733765,0.001266638934612263,6.729212762015332e-05,1.0,1.266638934612263,0.27215755085957366,0.0011286953008671774,0.4556848982808527,-0.009261407405137978
67,0.6530423164367676,0.6559045761823654,0.6445958316326141,0.6366033405065536,0.4512768420577049,0.2759925425052643,0.2922528088092804,0.2330946922302246,0.1986599713563919,0.0013224546611308452,0.0002555665076467571,1.0,1.3224546611308452,0.271004274430592,0.0011532764289816644,0.457991451138816,-0.007938952744007133
68,0.6522765159606934,0.6548192799091339,0.6434168070554733,0.6361816227436066,0.45183697164058684,0.2766588628292084,0.2910921573638916,0.23173433542251587,0.200514554977417,0.0005601295828819297,0.000301250968932033,1.0,0.5601295828819297,0.26982643181976035,0.0011778426108316475,0.4603471363604793,-0.007378823161125203
69,0.6519487202167511,0.6547644138336182,0.642536997795105,0.6357902586460114,0.4509470222890377,0.2769928276538849,0.29303911328315735,0.2294665426015854,0.20050153136253357,-0.0008899493515491241,0.00012257092085985944,0.6599684393535132,-0.8899493515491241,0.26862412516446715,0.001202306655293195,0.4627517496710657,-0.008268772512674327
70,0.6513738930225372,0.6545534878969193,0.6416225880384445,0.6341059654951096,0.44792071387171745,0.2780528962612152,0.29630914330482483,0.22878573834896088,0.19685225188732147,-0.003026308417320267,-0.00034976097986715954,-0.2388882325590438,-3.026308417320267,0.2673974337494628,0.0012266914150043662,0.4652051325010744,-0.011295080929994594
71,0.6516736596822739,0.6551364064216614,0.6409644484519958,0.6339750438928604,0.44581679284572606,0.27926692366600037,0.2992929518222809,0.22542425990104675,0.196015864610672,-0.0021039210259913843,-0.0006128849867857932,-0.7396182675093393,-2.1039210259913843,0.26614650864517436,0.001250925104288425,0.4677069827096513,-0.013399001955985979
72,0.6523223370313644,0.6554324626922607,0.6427222192287445,0.6350897699594498,0.44819965720176697,0.27793607115745544,0.29577338695526123,0.22938203811645508,0.19690847396850586,0.0023828643560409035,-0.00016352258536178876,0.1155270064069649,2.3828643560409035,0.2648714614624861,0.0012750471826882825,0.47025707707502784,-0.011016137599945075
73,0.6520802974700928,0.6551811397075653,0.6427340656518936,0.6346205174922943,0.4479725977778435,0.2778748571872711,0.2956535518169403,0.23049885034561157,0.19597269594669342,-0.00022705942392348133,-0.00017305311114604264,-0.03771015046799653,-0.22705942392348133,0.26357247066689354,0.0012989907955925362,0.4728550586662129,-0.011243197023868556
74,0.6538574993610382,0.6561802476644516,0.6435733437538147,0.6357912123203278,0.4462363076210022,0.28102561831474304,0.2943887710571289,0.22878050804138184,0.19580507278442383,-0.0017362901568412914,-0.00040753866800032995,-0.5507313381537107,-1.7362901568412914,0.26224966542731304,0.0013228052395805046,0.4755006691453739,-0.012979487180709848
75,0.6546078324317932,0.6568711698055267,0.6442579030990601,0.6364796757698059,0.4460754565894604,0.2812767028808594,0.294301837682724,0.22868375480175018,0.19573773443698883,-0.0001608510315417866,-0.00037053552253154843,-0.46977369670589175,-0.1608510315417866,0.26090324185582564,0.0013464235714873984,0.4781935162883487,-0.013140338212251634
76,0.6535999178886414,0.6552650034427643,0.6433448195457458,0.6357132345438004,0.4471060200035572,0.28187406063079834,0.2914186120033264,0.22960452735424042,0.1971028447151184,0.0010305634140967967,-0.00016037068203729666,-0.00996279181873061,1.0305634140967967,0.2595333399533833,0.0013699019024423498,0.4809333200932334,-0.012109774798154838
77,0.6546555459499359,0.6563659757375717,0.6449063718318939,0.636891320347786,0.44786048874259,0.28100764751434326,0.2907867431640625,0.23122663795948029,0.19697901606559753,0.0007544687390327875,-2.314476887678404e-05,0.2902680705648757,0.7544687390327875,0.25814016921806776,0.0013931707353155298,0.4837196615638645,-0.01135530605912205
78,0.6551295667886734,0.6563594341278076,0.6453958451747894,0.6374100148677826,0.44830265507102013,0.281721293926239,0.288737028837204,0.23188571631908417,0.19765600562095642,0.00044216632843013803,4.665189571925427e-05,0.7935456786698805,0.44216632843013803,0.25672387748723585,0.001416291730831909,0.4865522450255283,-0.010913139730691912
79,0.6555487662553787,0.6565622091293335,0.6459380984306335,0.6378791481256485,0.44868588224053385,0.2818562686443329,0.28762733936309814,0.23256836831569672,0.19794805347919464,0.0003832271695137224,9.713818678842448e-05,1.0,0.3832271695137224,0.2552846859267926,0.0014391915604432537,0.4894306281464148,-0.01052991256117819
80,0.6536421179771423,0.6544798314571381,0.6448459476232529,0.636400043964386,0.4505795750021935,0.2805907130241394,0.2853313982486725,0.23532646894454956,0.19875147938728333,0.0018936927616596266,0.0003666213730191048,1.0,1.8936927616596266,0.2538227489355539,0.0014619369912386992,0.4923545021288922,-0.008636219799518563
81,0.653865396976471,0.6549447774887085,0.6451022177934647,0.6365894228219986,0.45037321731448177,0.2801975905895233,0.286312073469162,0.23515187203884125,0.19833847880363464,-0.00020635768771171126,0.00028067451390948237,0.7779610040413731,-0.20635768771171126,0.25233829880356234,0.0014844501319915548,0.4953234023928753,-0.008842577487230274
82,0.6549711227416992,0.6563145518302917,0.6457894742488861,0.6374796330928802,0.44929006516933445,0.2805613875389099,0.2882019281387329,0.23349475860595703,0.19774194061756134,-0.0010831521451473147,7.61005150509628e-05,0.24945529974505987,-1.0831521451473147,0.2508314960073524,0.0015068027962099606,0.49833700798529523,-0.009925729632377589
83,0.6535495519638062,0.6551050245761871,0.6443078219890594,0.6362172067165375,0.44942911535501484,0.28012019395828247,0.2889713943004608,0.23284786939620972,0.19806048274040222,0.0001390501856803894,8.554296564537679e-05,0.2738493528971182,0.1390501856803894,0.24930258396275187,0.0015289120446005111,0.5013948320744963,-0.0097866794466972
84,0.6549346745014191,0.6567058265209198,0.645287498831749,0.6374124437570572,0.44845034897327424,0.28050777316093445,0.29062268137931824,0.2312869131565094,0.19758263230323792,-0.0009787663817406034,-7.410343646252025e-05,-0.19574221483041387,-0.9787663817406034,0.2477517291067935,0.001550854855958378,0.504496541786413,-0.010765445828437803
85,0.65692538022995,0.6586917340755463,0.6467659026384354,0.6386147290468216,0.4462140256166458,0.2820526957511902,0.2921949028968811,0.23018980026245117,0.19556254148483276,-0.0022363233566284335,-0.0003984364244874072,-1.0,-2.2363233566284335,0.24617918624319454,0.0015725428635989525,0.5076416275136109,-0.013001769185066236
86,0.6555107682943344,0.6570703685283661,0.6454136669635773,0.6372475028038025,0.44652149140834807,0.2822594940662384,0.29120272397994995,0.2306460738182068,0.19589172303676605,0.00030746579170226607,-0.0002925510920589562,-0.7231965146331321,0.30746579170226607,0.24458512782865766,0.0015940584145368863,0.5108297443426847,-0.01269430339336397
87,0.6546116024255753,0.6559869945049286,0.6436505615711212,0.6358645260334015,0.4447065995633602,0.2842230200767517,0.2921501398086548,0.22827203571796417,0.19535478949546814,-0.0018148918449878426,-0.0005209022049982891,-1.0,-1.8148918449878426,0.24296982045202187,0.0016153073766357884,0.5140603590959563,-0.014509195238351813
88,0.6519946753978729,0.6537607312202454,0.6416811048984528,0.6332119554281235,0.44503497242927553,0.28277331590652466,0.2929394245147705,0.2300674319267273,0.19421978294849396,0.0003283728659153051,-0.00039351094436125,-0.7129287293491093,0.3283728659153051,0.24133344274343807,0.0016363777085837972,0.5173331145131239,-0.014180822372436508
89,0.6499065309762955,0.6515054404735565,0.6395700722932816,0.6306997537612915,0.44421139881014826,0.2835451066493988,0.2927592992782593,0.23059023916721344,0.19310536980628967,-0.0008235736191272713,-0.0004580203455761532,-0.858298165863705,-0.8235736191272713,0.23967627355727975,0.0016571691861583249,0.5206474528854406,-0.01500439599156378
90,0.6489757895469666,0.6503357440233231,0.6384395062923431,0.6297141164541245,0.44404492720961575,0.2842637300491333,0.2921014726161957,0.23025254905223846,0.19338223338127136,-0.00016647160053251397,-0.0004142880338196073,-0.733988853059619,-0.16647160053251397,0.23799849791346978,0.00167777564380997,0.5240030041730604,-0.015170867592096293
91,0.6495798230171204,0.6506521999835968,0.6384562253952026,0.6300521790981293,0.44305277898907663,0.2858041822910309,0.29200008511543274,0.22879691421985626,0.19339881837368011,-0.000992148220539113,-0.0005009670618275331,-0.9342557443417435,-0.992148220539113,0.236300407477206,0.0016980904362637883,0.527399185045588,-0.016163015812635406
92,0.6489488184452057,0.6494535952806473,0.6378372013568878,0.6293570846319199,0.4433008235692978,0.2868046164512634,0.2897150218486786,0.22965297102928162,0.19382737576961517,0.0002480445802211517,-0.0003886153155202303,-0.5637300917487634,0.24804458022115172,0.23458219392772656,0.0017182135494794304,0.5308356121445469,-0.015914971232414254
93,0.6506482064723969,0.6512773334980011,0.6392244398593903,0.6309453248977661,0.44265446171164513,0.28713181614875793,0.29076725244522095,0.22848369181156158,0.19361719489097595,-0.0006463618576526553,-0.000427277296840094,-0.5809079399882011,-0.6463618576526553,0.2328441623483887,0.0017380315793378565,0.5343116753032227,-0.01656133309006691
94,0.650502622127533,0.6513271480798721,0.63974629342556,0.6303713470697403,0.44230458661913874,0.28639936447143555,0.2911612391471863,0.2309636026620865,0.1914757639169693,-0.00034987509250639093,-0.00041566696619003854,-0.07830325454810538,-0.34987509250639093,0.2310865114017373,0.0017576509466513957,0.5378269771965254,-0.0169112081825733
95,0.6498782336711884,0.6508440971374512,0.6397055089473724,0.6303662657737732,0.44414942994713785,0.2847132384777069,0.29026639461517334,0.23229949176311493,0.19272086024284363,0.0018448433279991128,-7.659042206166586e-05,1.0,1.8448433279991128,0.22930956026310637,0.001776951138630939,0.5413808794737873,-0.015066364854574188
96,0.6497194766998291,0.6504691690206528,0.6394628286361694,0.6312136650085449,0.4463768497109413,0.284066766500473,0.28835806250572205,0.2313833236694336,0.19619186222553253,0.002227419763803473,0.000269011105818105,1.0,2.227419763803473,0.2275135149631425,0.0017960452999638554,0.5449729700737149,-0.012838945090770715
97,0.6492050439119339,0.6501331627368927,0.6392707228660583,0.6312538534402847,0.4477964121103287,0.28273341059684753,0.28803059458732605,0.23178699612617493,0.19744902849197388,0.0014195623993873974,0.0004415937998534988,1.0,1.4195623993873974,0.22569870951775123,0.001814805445391282,0.5486025809644975,-0.011419382691383317
98,0.6506821513175964,0.6522341966629028,0.6394456923007965,0.632341742515564,0.44519065231084826,0.2838328182697296,0.29278120398521423,0.22670620679855347,0.19667969644069672,-0.002605759799480467,-1.5509240046596075e-05,0.030082706627847955,-2.605759799480467,0.22386535778058725,0.0018333517371639796,0.5522692844388255,-0.014025142490863785
99,0.6500822752714157,0.6521265953779221,0.6380700767040253,0.6321486979722977,0.4449641604721546,0.2835453450679779,0.2953786253929138,0.2229902595281601,0.1980857402086258,-0.0002264918386936654,-4.715662984365647e-05,-0.037069221875990266,-0.2264918386936654,0.2220138094421433,0.001851548338443948,0.5559723811157133,-0.01425163432955745
100,0.6505076140165329,0.652854323387146,0.6387772262096405,0.6315580010414124,0.44282821714878084,0.2838100492954254,0.29744768142700195,0.22446000576019287,0.19428227841854095,-0.0021359433233737457,-0.00036047463387316983,-0.7018920821647554,-2.1359433233737457,0.2201442867154695,0.001869522726673789,0.559711426569061,-0.016387577652931196
101,0.6495895981788635,0.6525892615318298,0.6389989256858826,0.6310248672962189,0.4443827565014362,0.2808368504047394,0.29820096492767334,0.22722958028316498,0.1937326192855835,0.0015545393526553708,-7.322253589388871e-05,-0.18502350396157186,1.5545393526553708,0.21825715589783584,0.0018871308176336699,0.5634856882043283,-0.014833038300275825
102,0.6508027613162994,0.6538259238004684,0.6402164846658707,0.6323553174734116,0.4446239487826824,0.2806640565395355,0.2981579303741455,0.22710968554019928,0.19406834244728088,0.00024119228124619418,-2.6060313322876275e-05,-0.07646373542862406,0.24119228124619418,0.21635264819290895,0.0019045077049268944,0.5672947036141821,-0.01459184601902963
103,0.6519108712673187,0.654276043176651,0.6414671391248703,0.6339892745018005,0.44635846868157386,0.28100094199180603,0.2946122884750366,0.22803138196468353,0.19635538756847382,0.0017345198988914512,0.00023802671850927285,0.5250754743303219,1.7345198988914512,0.2144311475498696,0.0019215006430393367,0.5711377049002608,-0.01285732612013818
104,0.6523523479700089,0.6541516035795212,0.6421010494232178,0.6349848955869675,0.448152933716774,0.28107044100761414,0.29136922955513,0.22896739840507507,0.1985929310321808,0.0017944650352001434,0.0004714924660129034,1.0,1.7944650352001434,0.21249289490453022,0.0019382526453393945,0.5750142101909396,-0.011062861084938036
105,0.6529470831155777,0.6544336974620819,0.6426448673009872,0.6358351111412048,0.44887803062796594,0.2813606858253479,0.28985220193862915,0.2289707213640213,0.19981642067432404,0.0007250969111919359,0.0005095331327897583,1.0,0.7250969111919359,0.21053829303320407,0.0019546018713261504,0.5789234139335919,-0.0103377641737461
106,0.6531040072441101,0.6537456214427948,0.6436320841312408,0.63692906498909,0.45237653389573096,0.2805875241756439,0.2842114269733429,0.23216445744037628,0.2030365765094757,0.0034985032677650185,0.0009578786530360472,1.0,3.4985032677650185,0.20856759347367412,0.0019706995595299426,0.5828648130526517,-0.006839260905981082
107,0.6539333760738373,0.6546379923820496,0.6442432403564453,0.6379681378602982,0.45258002147078513,0.2805311679840088,0.28451254963874817,0.23110727965831757,0.20384900271892548,0.00020348757505417314,0.000844719991338766,0.8283333263990664,0.20348757505417314,0.20658121915461822,0.0019863743190559058,0.5868375616907635,-0.0066357733309269085
108,0.6538096517324448,0.6547626256942749,0.6434242427349091,0.6369393914937973,0.4496952717006207,0.2820630967617035,0.28749051690101624,0.22916065156459808,0.20128576457500458,-0.002884749770164452,0.0002852995271132833,-0.020332156184897254,-2.884749770164452,0.2045794332348217,0.0020017859197965227,0.5908411335303566,-0.00952052310109136
109,0.6528548747301102,0.6536267548799515,0.642818957567215,0.636297345161438,0.45086652442812925,0.2815477252006531,0.2859277129173279,0.23034609854221344,0.202178493142128,0.001171252727508565,0.0004181925071725755,0.18127234752267896,1.171252727508565,0.2025626802937627,0.0020167529410589913,0.5948746394124746,-0.008349270373582796
110,0.6541734039783478,0.6548768579959869,0.6441496908664703,0.6376426517963409,0.45098565816879277,0.28161147236824036,0.28560134768486023,0.23045453429222107,0.20233267545700073,0.000119133740663524,0.00037333369219621777,-0.13382656739337684,0.119133740663524,0.200531236303889,0.0020314439898737047,0.598937527392222,-0.008230136632919272
111,0.6557822525501251,0.6564798355102539,0.6453724801540375,0.6388785243034363,0.4497720590233803,0.28254637122154236,0.2865161895751953,0.22944149374961853,0.2014959156513214,-0.0012135991454124695,0.00013529376655491468,-0.6720242100485492,-1.2135991454124695,0.1984855691942145,0.0020456671096744927,0.603028861611571,-0.009443735778331741
112,0.6554854363203049,0.6564808487892151,0.6443277299404144,0.6379674673080444,0.44745334416627885,0.28372547030448914,0.2894304692745209,0.22697800397872925,0.19986602663993835,-0.002318714857101445,-0.00023280752699353924,-1.0,-2.318714857101445,0.1964259691457686,0.0020596000484459087,0.6071480617084628,-0.011762450635433186
113,0.6553744971752167,0.6565326750278473,0.643537238240242,0.637954443693161,0.4468761892616749,0.28421688079833984,0.29087671637535095,0.22430165112018585,0.20060476660728455,-0.0005771549046039715,-0.00028445963363510406,-1.0,-0.5771549046039715,0.1943529293678588,0.002073039777909791,0.6112941412642824,-0.012339605540037157
114,0.6542308032512665,0.6553615927696228,0.6433396935462952,0.6371066868305206,0.44850070714950563,0.28271380066871643,0.28918036818504333,0.22737762331962585,0.200728178024292,0.0016245178878307454,1.8869945847733603e-06,-0.5390198768048211,1.6245178878307454,0.1922667558807475,0.0020861734871113202,0.615466488238505,-0.010715087652206412
115,0.652383342385292,0.654221773147583,0.6415560096502304,0.6356081962585449,0.4488500824570656,0.2810783088207245,0.2916056215763092,0.2263510823249817,0.2009650021791458,0.0003493753075599626,5.4010241531051744e-05,-0.4551083568822679,0.3493753075599626,0.19016796937404185,0.002098786506705641,0.6196640612519163,-0.01036571234464645
116,0.6547953188419342,0.6560429930686951,0.6441202759742737,0.6383554935455322,0.4501570135354996,0.2814672291278839,0.2885795831680298,0.22735577821731567,0.20259737968444824,0.0013069310784339927,0.0002419483670664929,-0.06762752522429138,1.3069310784339927,0.1880568936130861,0.002111075760955733,0.6238862127738278,-0.009058781266212457
117,0.6563012003898621,0.6570339947938919,0.6460410356521606,0.6404841840267181,0.45232163175940515,0.2810524106025696,0.2852015793323517,0.2289118617773056,0.20483416318893433,0.002164618223905568,0.0005303488455923541,1.0,2.164618223905568,0.1859340792806146,0.002122814332471523,0.6281318414387709,-0.006894163042306889
118,0.656159833073616,0.657309353351593,0.6454964876174927,0.6396407634019852,0.45006009951233866,0.28170233964920044,0.2882537543773651,0.2275986224412918,0.20244528353214264,-0.002261532247066489,0.00011156668169352764,-0.02792784948896232,-2.261532247066489,0.18379987011439675,0.002134209166217843,0.6324002597712065,-0.009155695289373378
119,0.6563327610492706,0.6583056747913361,0.6451766490936279,0.6398903280496597,0.4491678476333618,0.2808975875377655,0.2922028601169586,0.2247229516506195,0.2021765261888504,-0.0008922518789768463,-3.900610240702844e-05,-0.3975184660307004,-0.8922518789768463,0.18165484966724446,0.002145020447152285,0.6366903006655111,-0.010047947168350224
120,0.6558650135993958,0.6578882932662964,0.6453686356544495,0.6393718719482422,0.4496774953603745,0.28003668785095215,0.2916008532047272,0.22700974345207214,0.20135268568992615,0.0005096477270126742,4.329197200592696e-05,-0.1955125308666863,0.5096477270126742,0.17949938425265569,0.0021554654145887753,0.6410012314946887,-0.00953829944133755
121,0.6553373038768768,0.6573119461536407,0.645096093416214,0.6391665041446686,0.45068158462643626,0.27942773699760437,0.2906835973262787,0.22767479717731476,0.20221388339996338,0.0010040892660617695,0.00018741156611430334,0.1582383143503887,1.0040892660617695,0.1773340935947054,0.0021652906579502917,0.6453318128105892,-0.00853421017527578
122,0.655771404504776,0.6580215990543365,0.6456219255924225,0.6397398412227631,0.4508890125155449,0.27870601415634155,0.2915354073047638,0.22750401496887207,0.20225463807582855,0.00020742788910865784,0.00019041401456345653,0.16560801784684687,0.20742788910865784,0.17515936962591297,0.0021747239687924247,0.6496812607481741,-0.008326782286167123
123,0.6570703685283661,0.6590331941843033,0.6465885192155838,0.6415179818868637,0.45183109894394874,0.2790496051311493,0.29022157192230225,0.22627519071102142,0.20445360243320465,0.0009420864284038211,0.00030316487663951117,0.20196014893300163,0.9420864284038211,0.17297587203761852,0.0021834975882944474,0.6540482559247629,-0.0073846958577633015
124,0.6560572385787964,0.6582938134670258,0.645394816994667,0.6405612230300903,0.45158578097820284,0.27876827120780945,0.291521281003952,0.22523239254951477,0.20447805523872375,-0.0002453179657458948,0.00022089245028170026,-0.0870420864806094,-0.24531796574589482,0.17078402193984452,0.0021918500977740063,0.6584319561203109,-0.007630013823509196
125,0.6584001332521439,0.6610447466373444,0.6478301435709,0.6430633515119553,0.4517435772716999,0.2778077721595764,0.2928970456123352,0.22487156093120575,0.20442360639572144,0.00015779629349704782,0.0002114280267640024,-0.12028821370214071,0.15779629349704782,0.1685845233646318,0.002199498575212705,0.6628309532707364,-0.0074722175300121485
126,0.6593074202537537,0.661906823515892,0.6482554972171783,0.6435022503137589,0.45025340616703036,0.2790154218673706,0.29390445351600647,0.2236824333667755,0.2033977061510086,-0.0014901711046695354,-4.381184295102828e-05,-1.0,-1.4901711046695354,0.166377830761263,0.0022066926033688095,0.667244338477474,-0.008962388634681684
127,0.6598408073186874,0.6620274186134338,0.6485095918178558,0.6444272845983505,0.4511514391005039,0.2795921266078949,0.29209044575691223,0.22289647161960602,0.20542095601558685,0.0008980329334735693,9.746487351266135e-05,-0.18567034335670962,0.8980329334735693,0.16416469754985358,0.0022131332114094238,0.6716706049002928,-0.008064355701208115
128,0.6607974767684937,0.663047581911087,0.6490766704082489,0.6454205363988876,0.4508101287484169,0.2799302637577057,0.2928154468536377,0.22143420577049255,0.20582011342048645,-0.00034131035208700977,3.1648589672710684e-05,-0.5650403709344629,-0.34131035208700977,0.16194561638689234,0.0022190811629612395,0.6761087672262154,-0.008405666053295124
129,0.6596045196056366,0.6615133732557297,0.6479368358850479,0.6432106643915176,0.4488145744800568,0.28159189224243164,0.2925499677658081,0.22298496961593628,0.20287315547466278,-0.0019955542683601224,-0.00027243183903221426,-1.0,-1.9955542683601224,0.15972139591408796,0.002224220472804378,0.6805572081718241,-0.010401220321655247
130,0.6569223999977112,0.6586354970932007,0.6453923732042313,0.6402761489152908,0.4485230341553688,0.28202885389328003,0.29185912013053894,0.2239469289779663,0.20216508209705353,-0.00029154032468797775,-0.0002752981118805788,-1.0,-0.29154032468797775,0.15749257268885114,0.00222882322523682,0.6850148546222977,-0.010692760646343225
131,0.6562259197235107,0.657542273402214,0.6449091583490372,0.6399527341127396,0.4498430854082108,0.28198254108428955,0.28950488567352295,0.2248671054840088,0.2036455124616623,0.0013200512528419583,-3.5995707172198224e-05,-0.17262673859014022,1.3200512528419583,0.1552600173238862,0.0022325553649649443,0.6894799653522277,-0.009372709393501266
132,0.6541529893875122,0.6556489765644073,0.6435798406600952,0.6384344100952148,0.4516973435878754,0.28011059761047363,0.2886179983615875,0.22672125697135925,0.20455016195774078,0.001854258179664614,0.0002475423758533236,0.8076886442519364,1.854258179664614,0.15302431693494592,0.002235700388940276,0.6939513661301082,-0.007518451213836652
133,0.6546722948551178,0.6558622419834137,0.6437917947769165,0.6392362713813782,0.4522451311349869,0.2806693911552429,0.28742915391921997,0.22578155994415283,0.2061198651790619,0.000547787547111489,0.00029257915154204845,1.0,0.547787547111489,0.15078641191963432,0.0022379050153115976,0.6984271761607314,-0.006970663666725163
134,0.6535775363445282,0.6551238149404526,0.6429125964641571,0.6390327662229538,0.4542233490943909,0.27879098057746887,0.28754723072052,0.2252393364906311,0.20842240750789642,0.001978217959404005,0.0005454249727213419,1.0,1.978217959404005,0.1485469477307098,0.0022394641889245115,0.7029061045385804,-0.004992445707321158
135,0.6532143205404282,0.6554441004991531,0.6420703232288361,0.6388775706291199,0.4537438152730465,0.2780460715293884,0.29072636365890503,0.22249539196491241,0.20873220264911652,-0.00047953382134435785,0.000391681153611487,0.6253454496544932,-0.47953382134435785,0.14630694359724553,0.002240004133464285,0.707386112805509,-0.005471979528665516
136,0.6520750820636749,0.6538649201393127,0.6412287801504135,0.6381731480360031,0.45534127444028855,0.2778778672218323,0.2880052626132965,0.22368884086608887,0.21042801439762115,0.0015974591672420213,0.0005725478556560671,1.0,1.5974591672420213,0.14406711238606867,0.0022398312111768515,0.7118657752278627,-0.0038745203614234947
137,0.6525332778692245,0.6541613042354584,0.6423570364713669,0.638793408870697,0.4564746405184269,0.27711021900177,0.286281555891037,0.22608043253421783,0.21052783727645874,0.0011333660781383537,0.0006566705890284101,1.0,1.1333660781383537,0.14182856262373308,0.00223854976233559,0.7163428747525338,-0.002741154283285141
138,0.6497859209775925,0.6513983607292175,0.6396214365959167,0.6365001499652863,0.4575390468537808,0.2765890657901764,0.2856540083885193,0.22570814192295074,0.21204876899719238,0.0010644063353538735,0.0007178309509772295,1.0,1.0644063353538735,0.13959208516163546,0.0022364774620976247,0.7208158296767291,-0.0016767479479312675
139,0.6495645940303802,0.6519317328929901,0.6394619792699814,0.6356191486120224,0.4555405285954476,0.2760796546936035,0.2894645035266876,0.22557151317596436,0.2088843286037445,-0.001998518258333193,0.0003103785695806661,0.17945734016868542,-1.9985182583331929,0.13735888991114698,0.0022331952504884844,0.725282220177706,-0.0036752662062644603
140,0.6528722643852234,0.6553975343704224,0.642704427242279,0.6379718482494354,0.4532031056284905,0.27700185775756836,0.2913510501384735,0.22602993249893188,0.20561720430850983,-0.0023374229669571034,-8.67916608999993e-05,-1.0,-2.3374229669571034,0.13512985797979837,0.0022290319313486018,0.7297402840404033,-0.006012689173221564
141,0.6541734337806702,0.6563185155391693,0.6437937915325165,0.6394578665494919,0.453685467839241,0.2776683270931244,0.28984007239341736,0.2256161868572235,0.20687539875507355,0.0004823622107505421,-1.4185801524180822e-06,-0.7877934835850533,0.4823622107505421,0.13290631458156987,0.0022235433982285002,0.7341873708368603,-0.005530326962471022
142,0.654233530163765,0.6558263897895813,0.6439324468374252,0.6400118768215179,0.455279136300087,0.27788376808166504,0.28687894344329834,0.2261461615562439,0.2090911567211151,0.001593668460845965,0.00023784447599733939,-0.19307229972087236,1.593668460845965,0.13068924526238956,0.0022170693191803093,0.7386215094752209,-0.003936658501625057
143,0.6543890684843063,0.6560206562280655,0.6438666582107544,0.6398758888244629,0.4543727359175682,0.2784386873245239,0.2876742482185364,0.22559663653373718,0.2082904875278473,-0.0009064003825187683,6.620774721992324e-05,-0.6196989598316993,-0.9064003825187683,0.12848010648859576,0.002209138773793806,0.7430397870228085,-0.004843058884143825
144,0.6555968374013901,0.6568696945905685,0.6456944495439529,0.6417278498411179,0.45670125365257264,0.27747854590415955,0.2846331000328064,0.22762417793273926,0.21026413142681122,0.0023285177350044206,0.0004055542453875978,0.2237933635469851,2.3285177350044206,0.12628000452996657,0.002200101958629186,0.7474399909400669,-0.0025145411491394043
145,0.6561979651451111,0.6571254730224609,0.6465418040752411,0.6423143744468689,0.4571562086045742,0.27772772312164307,0.28292760252952576,0.22895334661006927,0.2103913575410843,0.00045495495200154057,0.0004129643513796892,0.2422121996142521,0.45495495200154057,0.12409054525526352,0.0021894592747030567,0.7518189094894729,-0.0020595861971378637
146,0.6579524278640747,0.658703625202179,0.648122102022171,0.6441263407468796,0.4572449941933155,0.2781587541103363,0.2823694050312042,0.22851122915744781,0.21096056699752808,8.878558874131359e-05,0.00036433753698393286,0.12134357455210676,0.08878558874131359,0.12191297418977431,0.0021775710654892005,0.7561740516204514,-0.00197080060839655
147,0.6573163121938705,0.6581406593322754,0.6468546986579895,0.6425600349903107,0.45445413500070575,0.2799341678619385,0.2845877408981323,0.22708448767662048,0.20839357376098633,-0.0027908591926097404,-0.00010894197245511815,-1.0,-2.7908591926097404,0.11974906704852827,0.002163907141246049,0.7605018659029434,-0.0047616598010062905
148,0.6553892344236374,0.6559356153011322,0.6456345021724701,0.6411322802305222,0.4564808948338032,0.2788892090320587,0.2819533944129944,0.22945789992809296,0.20969948172569275,0.002026759833097469,0.0002114132983777699,0.22763513758183995,2.026759833097469,0.11760022943216128,0.002148837616366986,0.7647995411356774,-0.0027348999679088215
149,0.6554008424282074,0.6560859680175781,0.6458538472652435,0.6409561932086945,0.456158949136734,0.27862364053726196,0.28246772289276123,0.23019391298294067,0.20871467888355255,-0.0003219456970692258,0.00013140944906072055,-0.07894803898979319,-0.3219456970692258,0.11546842959308405,0.002131799839077228,0.7690631408138319,-0.0030568456649780473
150,0.6538369655609131,0.6549035608768463,0.6440685987472534,0.63938869535923,0.4556609371304512,0.2783088982105255,0.2843092381954193,0.22891801595687866,0.20846381783485413,-0.0004980120062827997,3.69962307591925e-05,-0.44074943510168063,-0.49801200628279974,0.11335525617695436,0.002113173416129696,0.7732894876460913,-0.003554857671260847
151,0.6551280319690704,0.6576792448759079,0.6441685855388641,0.6396341025829315,0.45107573822140695,0.27862468361854553,0.29321056604385376,0.2237832397222519,0.20438148081302643,-0.004585198909044241,-0.0006563330402113226,-1.0,-4.585198909044241,0.11126289462731669,0.0020923615496376696,0.7774742107453666,-0.008140056580305088
152,0.6556523740291595,0.6578402817249298,0.6450153738260269,0.6399973034858704,0.45128883570432665,0.27899685502052307,0.2914760708808899,0.2255314290523529,0.20399567484855652,0.00021309748291969965,-0.0005259184617416693,-0.7560742605467149,0.21309748291969965,0.10919314131836841,0.0020697533089482772,0.7816137173632631,-0.007926959097385389
153,0.6561982184648514,0.6574991941452026,0.645463615655899,0.6403639614582062,0.45141452476382254,0.28076407313346863,0.2881651818752289,0.22651736438274384,0.20455338060855865,0.0001256890594958926,-0.00042817733355603497,-0.5732605195719895,0.1256890594958926,0.10714842483686615,0.0020447164815022567,0.7857031503262677,-0.007801270037889496
154,0.6533340066671371,0.6547377854585648,0.6433029621839523,0.6379471123218536,0.4530435670912266,0.27918899059295654,0.28713834285736084,0.22843877971172333,0.20523393154144287,0.0016290423274040733,-0.00011959438441201876,0.003909034138179779,1.6290423274040733,0.10513077478310393,0.0020176500537622266,0.7897384504337921,-0.006172227710485423
155,0.6500749886035919,0.6525700688362122,0.6399569511413574,0.6352516114711761,0.45344686895608904,0.2769002616405487,0.2910686731338501,0.2261722981929779,0.2058587670326233,0.0004033018648624265,-4.1159947020851966e-05,0.20542926765055025,0.4033018648624265,0.10314288889736878,0.0019878858857351467,0.7937142222052624,-0.005768925845622996
156,0.6486447304487228,0.6515229344367981,0.6390278041362762,0.6336643099784851,0.45331146866083144,0.2758324444293976,0.2921762764453888,0.22756946086883545,0.2044217586517334,-0.0001354002952576039,-5.529599925636475e-05,0.38528280495475387,-0.1354002952576039,0.10118705473033536,0.0019558341670334184,0.7976258905393293,-0.0059043261408806
157,0.6500791907310486,0.6528641879558563,0.640663206577301,0.6355661451816559,0.4546234104037285,0.2752017676830292,0.2909655272960663,0.22796320915222168,0.20586943626403809,0.0013119417428970603,0.000149789662066649,0.8579685477870929,1.3119417428970603,0.09926626317385649,0.001920791556478868,0.801467473652287,-0.00459238439798354
158,0.6513898372650146,0.6539539098739624,0.642185851931572,0.636529952287674,0.45421527892351155,0.27568069100379944,0.2901866137981415,0.22933048009872437,0.2048022747039795,-0.00040813148021695556,6.610149072410833e-05,0.7923686527967726,-0.40813148021695556,0.09738308112504983,0.0018831820488066642,0.8052338377499003,-0.0050005158782004955
159,0.6509374976158142,0.6529591083526611,0.6417227983474731,0.6361362934112549,0.45472632333636287,0.2764936089515686,0.2879018485546112,0.22995714843273163,0.20564742386341095,0.0005110444128513247,0.00013284292904319078,0.9579549540645127,0.5110444128513247,0.09554081140845624,0.0018422697165935836,0.8089183771830875,-0.004489471465349171
160,0.6492874026298523,0.6505963057279587,0.6401627361774445,0.6338736414909363,0.4539536185562611,0.27820849418640137,0.28558769822120667,0.2318003922700882,0.20440341532230377,-0.0007727047801017739,-2.989227328553925e-06,0.6209537606037527,-0.7727047801017739,0.09374231449997728,0.0017984969084789693,0.8125153710000454,-0.005262176245450945
161,0.6476824581623077,0.6488053351640701,0.6388200968503952,0.6328119933605194,0.4555642488598824,0.27754443883895874,0.2838480770587921,0.23246389627456665,0.2061435729265213,0.0016106303036212966,0.00023905370231392363,1.0,1.6106303036212966,0.09199121407261766,0.0017511004273596115,0.8160175718547646,-0.003651545941829648
162,0.6462622135877609,0.6466849595308304,0.6378988325595856,0.6325054466724396,0.45907678321003914,0.2767069637775421,0.27905628085136414,0.23408640921115875,0.2101503163576126,0.0035125343501567485,0.0007300757994903474,1.0,3.5125343501567485,0.0902906658544427,0.0017005482181749604,0.8194186682911146,-0.00013901159167289956
163,0.6459668874740601,0.6464310586452484,0.63775934278965,0.6322658807039261,0.45932766795158386,0.2763760983943939,0.2789539396762848,0.2345365583896637,0.2101333737373352,0.0002508847415447213,0.0006581971407985034,0.8308080945909633,0.2508847415447213,0.08864460710738141,0.0016460587470612936,0.8227107857852372,0.00011187314987182173
164,0.6466609239578247,0.6476424187421799,0.6372949779033661,0.6327787637710571,0.457403863966465,0.2772716283798218,0.2827683687210083,0.22990813851356506,0.21005184948444366,-0.001923803985118877,0.0002708969719108964,-0.16932853538210468,-1.923803985118877,0.08705647086185948,0.0015881362455219261,0.8258870582762811,-0.0018119308352470553
165,0.644735261797905,0.645928680896759,0.6356560736894608,0.6310874074697495,0.4580648851394653,0.2763020694255829,0.28297606110572815,0.2304215133190155,0.21030037105083466,0.0006610211730003202,0.00032941560207430995,-0.020307064896923133,0.6610211730003202,0.08553047661819593,0.0015259942436635504,0.8289390467636082,-0.0011509096622467352
166,0.6450031697750092,0.6459865570068359,0.6353165805339813,0.6309050023555756,0.45659684255719185,0.27792888879776,0.2834492027759552,0.22897984087467194,0.20964211225509644,-0.0014680425822734544,5.979687442214532e-05,-0.82870250399707,-1.4680425822734544,0.0845373120227495,0.000993164595446433,0.830925375954501,-0.0026189522445201896
167,0.6443493664264679,0.6457658261060715,0.6340706497430801,0.6299040019512177,0.45491835936903957,0.2783966660499573,0.2863963544368744,0.2266649454832077,0.20854204893112183,-0.00167848318815228,-0.00020094513496401843,-1.0,-1.67848318815228,0.08388479146104935,0.0006525205617001484,0.8322304170779014,-0.0042974354326724695
168,0.6432306468486786,0.6445476859807968,0.6328495293855667,0.6289161145687103,0.45518743962049485,0.27853235602378845,0.28596651554107666,0.2263111174106598,0.20919004082679749,0.00026908025145527814,-0.00013044132700112395,-0.8485451715342707,0.26908025145527814,0.08345247456699713,0.0004323168940522232,0.8330950508660058,-0.004028355181217191
169,0.6428014934062958,0.6439558565616608,0.6324537545442581,0.6286450922489166,0.4556971561908722,0.27856457233428955,0.2850702404975891,0.22648847103118896,0.20987670123577118,0.0005097165703773499,-3.441764239435289e-05,-0.6422690695623066,0.5097165703773499,0.0831646826505875,0.0002877919164096243,0.833670634698825,-0.0035186386108398415
170,0.6429302096366882,0.6439774334430695,0.6327031552791595,0.6289975643157959,0.4564030721783638,0.2783198654651642,0.2842103838920593,0.22683659195899963,0.21063312888145447,0.0007059159874915899,7.663240208853852e-05,-0.4037136507242255,0.7059159874915899,0.08298283190995531,0.00018185074063219175,0.8340343361800894,-0.0028127226233482516
171,0.6429890543222427,0.6440215855836868,0.6326349377632141,0.6289651244878769,0.45608164936304096,0.2786104083061218,0.2844237685203552,0.22649720311164856,0.21046867966651917,-0.0003214228153228249,1.6924119476834014e-05,-0.5319777539298041,-0.3214228153228249,0.08285825857294771,0.0001245733370076052,0.8342834828541046,-0.0031341454386710765
172,0.6427917182445526,0.6436262130737305,0.6323665529489517,0.6285621523857117,0.4556836132705212,0.2792556881904602,0.2839553654193878,0.22669897973537445,0.2100900262594223,-0.00039803609251976013,-4.53199123226551e-05,-0.6377195558134071,-0.39803609251976013,0.08277470310005475,8.355547289295995e-05,0.8344505937998905,-0.0035321815311908367
173,0.6432327926158905,0.6442050933837891,0.6324981153011322,0.6283034831285477,0.45368895307183266,0.2802463173866272,0.2857491374015808,0.2260994166135788,0.2079051285982132,-0.001994660198688547,-0.0003377209552775389,-1.0,-1.994660198688547,0.08271858600015491,5.611709989983282e-05,0.8345628279996902,-0.005526841729879384
